{
  "chosenStart": 19.331000000000003,
  "chosenEnd": 21.831000000000003,
  "hookStart": 19.331000000000003,
  "hookEnd": 21.831000000000003,
  "improvements": [
    "Hook from 19.3s",
    "Removed 130.3s",
    "2 high-value segments kept"
  ],
  "edl": {
    "version": 1,
    "hook": {
      "start": 19.331000000000003,
      "end": 21.831000000000003,
      "reason": "Auto-rewrite hook from 19.3s"
    },
    "segments": [
      {
        "start": 0,
        "end": 6,
        "score": 0.485,
        "reason": "Acceptable content"
      },
      {
        "start": 21.831000000000003,
        "end": 26.331000000000003,
        "reason": "Post-hook context",
        "score": 0.6
      }
    ],
    "notes": "Auto-rewrite for meaningful edits (kept 13.0s)",
    "expectedChange": {
      "originalDurationSec": 143.31,
      "finalDurationSec": 13,
      "totalRemovedSec": 130.31
    }
  }
}